Provinsi, Kab/Kota
Daerah Istimewa Yogyakarta,Kota Yogyakarta
Daerah Istimewa Yogyakarta,Kota Yogyakarta
Jawa Barat,Ciamis
Daerah Istimewa Yogyakarta,Bantul
Banten,Serang
Kepulauan Riau,Bintan
Daerah Istimewa Yogyakarta,Kulon Progo
Kalimantan Barat,Melawi
Kepulauan Bangka Belitung,Belitung
Sulawesi Selatan,Sinjai
Jawa Timur,Kota Batu
Jawa Tengah,Magelang
Jawa Tengah,Cilacap
Jawa Tengah,Cilacap
Daerah Istimewa Yogyakarta,Kulon Progo
Daerah Istimewa Yogyakarta,Gunungkidul
Jawa Tengah,Cilacap
Kalimantan Selatan,Barito Kuala
Bali,Jembrana
Daerah Istimewa Yogyakarta,Kulon Progo
Jawa Tengah,Kudus
Daerah Istimewa Yogyakarta,Gunungkidul
Daerah Istimewa Yogyakarta,Kota Yogyakarta
Jawa Tengah,Klaten
Kalimantan Selatan,Kotabaru
Jawa Timur,Malang
Sulawesi Selatan,Bone
Nusa Tenggara Barat,Lombok Timur
Jawa Tengah,Magelang
Jawa Tengah,Purworejo
Daerah Istimewa Yogyakarta,Gunungkidul
Sulawesi Selatan,Sinjai
Riau,Indragiri Hilir
Kalimantan Selatan,Banjar
Sulawesi Utara,Minahasa
Jawa Tengah,Kota Semarang
Jawa Tengah,Semarang
Daerah Istimewa Yogyakarta,Gunungkidul
Jawa Timur,Lumajang
Nusa Tenggara Barat,Lombok Timur
Jawa Timur,Mojokerto
Kalimantan Selatan,Kota Banjarbaru
Daerah Istimewa Yogyakarta,Gunungkidul
Jawa Barat,Majalengka
Daerah Istimewa Yogyakarta,Kulon Progo
Sumatera Selatan,Ogan Komering Ilir
Jawa Barat,Majalengka
Riau,Indragiri Hulu
Kalimantan Selatan,Banjar
Daerah Istimewa Yogyakarta,Kota Yogyakarta
Jambi,Merangin
Sumatera Selatan,Ogan Ilir
Jawa Tengah,Cilacap
Jawa Tengah,Banyumas
Daerah Istimewa Yogyakarta,Kulon Progo
Kepulauan Riau,Bintan
Jawa Barat,Garut
Jawa Tengah,Kudus
Jawa Barat,Subang
Sulawesi Tengah,Tojo Una Una
Jawa Tengah,Magelang
Jawa Tengah,Cilacap
Daerah Istimewa Yogyakarta,Kota Yogyakarta
Jawa Tengah,Cilacap
Jambi,Bungo
Jawa Tengah,Semarang
Lampung,Pesisir Barat
Jawa Tengah,Semarang
Jawa Tengah,Boyolali
Jambi,Tanjung Jabung Timur
Jawa Timur,Jombang
Jawa Tengah,Cilacap
Daerah Istimewa Yogyakarta,Gunungkidul
Jawa Barat,Majalengka
Kalimantan Timur,Penajam Paser Utara
Riau,Pelalawan
Jambi,Batanghari
Kalimantan Tengah,Seruyan
Kalimantan Selatan,Tanah Laut
Kalimantan Selatan,Tapin
Kalimantan Timur,Kutai Kartanegara
Daerah Istimewa Yogyakarta,Bantul
Riau,Indragiri Hilir
Jawa Tengah,Karanganyar
Kalimantan Timur,Kota Bontang
Kalimantan Selatan,Barito Kuala
Kalimantan Selatan,Tapin
Papua Barat,Fak Fak
Kepulauan Bangka Belitung,Belitung
Jawa Tengah,Sukoharjo
Jawa Tengah,Karanganyar
Kalimantan Utara,Bulungan
Kalimantan Barat,Ketapang
Jambi,Batanghari
Kalimantan Tengah,Sukamara
Kalimantan Tengah,Kota Palangkaraya
Jawa Timur,Situbondo
Kalimantan Tengah,Kotawaringin Barat
Kalimantan Tengah,Pulang Pisau
Kalimantan Utara,Nunukan
Aceh,Aceh Singkil
Aceh,Aceh Besar
Kalimantan Utara,Kota Tarakan
Kalimantan Utara,Nunukan
Kepulauan Bangka Belitung,Bangka
Kepulauan Riau,Lingga
Kalimantan Utara,Kota Tarakan
Kepulauan Riau,Lingga
Kalimantan Utara,Nunukan
Aceh,Aceh Singkil
Riau,Bengkalis
Riau,Kota Pekanbaru
Riau,Siak
Sumatera Barat,Lima Puluh Kota
Sumatera Selatan,Ogan Ilir
Kalimantan Utara,Nunukan
Kalimantan Tengah,Sukamara
Aceh,Aceh Tengah
Aceh,Aceh Jaya
Kalimantan Utara,Nunukan
Jawa Barat,Bandung
Jawa Tengah,Semarang
Jawa Timur,Surabaya
Sumatera Utara,Medan
Sumatera Barat,Padang
Banten,Serang
Bali,Denpasar
Nusa Tenggara Barat,Mataram
Kalimantan Barat,Pontianak
Sulawesi Selatan,Makassar
Jawa Barat,Bogor
Jawa Tengah,Magelang
Jawa Timur,Malang
Sumatera Utara,Pematang Siantar
Sumatera Barat,Bukittinggi
Banten,Tangerang
Bali,Gianyar
Nusa Tenggara Barat,Bima
Kalimantan Barat,Singkawang
Sulawesi Selatan,Parepare
Jawa Barat,Bekasi
Jawa Tengah,Pekalongan
Jawa Timur,Probolinggo
Sumatera Utara,Tebing Tinggi
Sumatera Barat,Payakumbuh
Banten,Cilegon
Bali,Badung
Nusa Tenggara Barat,Dompu
Kalimantan Barat,Ketapang
Sulawesi Selatan,Palopo
Jawa Barat,Depok
Jawa Tengah,Tegal
Jawa Timur,Pasuruan
Sumatera Utara,Binjai
Sumatera Barat,Solok
Banten,Lebak
Bali,Tabanan
Nusa Tenggara Barat,Sumbawa
Kalimantan Barat,Mempawah
Sulawesi Selatan,Maros
Jawa Barat,Cimahi
Jawa Tengah,Salatiga
Jawa Timur,Mojokerto
Sumatera Utara,Tanjung Balai
Sumatera Barat,Sawahlunto
Banten,Pandeglang
Bali,Klungkung
Nusa Tenggara Barat,Lombok Tengah
Kalimantan Barat,Bengkayang
Sulawesi Selatan,Pangkajene
Jawa Barat,Tasikmalaya
Jawa Tengah,Purwokerto
Jawa Timur,Kediri
Sumatera Utara,Sibolga
Sumatera Barat,Padang Panjang
Banten,Cipanas
Bali,Bangli
Nusa Tenggara Barat,Lombok Utara
Kalimantan Barat,Landak
Sulawesi Selatan,Barru
Jawa Barat,Cirebon
Jawa Tengah,Kudus
Jawa Timur,Madiun
Sumatera Utara,Lubuk Pakam
Sumatera Barat,Pariaman
Banten,Tangerang Selatan
Bali,Karangasem
Nusa Tenggara Barat,Sumbawa Besar
Kalimantan Barat,Sambas
Sulawesi Selatan,Bone
Jawa Barat,Sukabumi
Jawa Tengah,Boyolali
Jawa Timur,Jember
Sumatera Utara,Stabat
Sumatera Barat,Padang Pariaman
Banten,Pandeglang
Bali,Bangli
Nusa Tenggara Barat,Lombok Timur
Kalimantan Barat,Sekadau
Sulawesi Selatan,Wajo
Jawa Barat,Karawang
Jawa Tengah,Klaten
Jawa Timur,Lumajang
Sumatera Utara,Tanjung Morawa
Sumatera Barat,Agam
Banten,Serang
Bali,Tabanan
Nusa Tenggara Barat,Bima
Kalimantan Barat,Melawi
Sulawesi Selatan,Soppeng
Jawa Barat,Purwakarta
Jawa Tengah,Sragen
Jawa Timur,Blitar
Sumatera Utara,Deli Serdang
Sumatera Barat,Pasaman
Banten,Lebak
Bali,Gianyar
Nusa Tenggara Barat,Dompu
Kalimantan Barat,Kapuas Hulu
Sulawesi Selatan,Takalar
Jawa Barat,Subang
Jawa Tengah,Wonogiri
Jawa Timur,Tulungagung
Sumatera Utara,Langkat
Sumatera Barat,Dharmasraya
Banten,Pandeglang
Bali,Klungkung
Nusa Tenggara Barat,Lombok Tengah
Kalimantan Barat,Sintang
Sulawesi Selatan,Gowa
Jawa Barat,Indramayu
Jawa Tengah,Grobogan
Jawa Timur,Trenggalek
Sumatera Utara,Asahan
Sumatera Barat,Pasaman Barat
Banten,Serang
Bali,Bangli
Nusa Tenggara Barat,Lombok Utara
Kalimantan Barat,Bengkayang
Sulawesi Selatan,Jeneponto
